1.028010289000000000e+09,1.270000000000000000e+02,2.000000000000000000e+00,6.307009257984681483e-01,4.463526870300735538e+01,3.879072332288603775e+01,2.757505204382727504e-01,2.203933641703945678e-01,1.187064032616693826e-01,3.161285376823598781e-01,2.080211504346624274e+00,-7.075782837666256819e-01
1.013465469000000000e+09,8.940000000000000000e+02,2.000000000000000000e+00,5.596268444531055097e-01,3.807082330814509419e+01,2.866961811906229940e+01,7.941091200719185839e-01,3.991124537162757946e-01,2.724176408390737603e+00,1.257749272251862838e+00,4.069805690251532049e+00,3.251489929375241950e-01
1.028574570000000000e+09,9.060000000000000000e+02,4.000000000000000000e+00,2.588828128065424616e-01,3.842648553792961508e+01,1.555725545025841683e+01,5.712150293520836808e-01,3.249793586849527016e-01,5.290324725198863876e-01,2.625871324638365589e+00,5.799709129089981374e+00,1.244444425021542733e+00
1.009579546000000000e+09,9.650000000000000000e+02,1.000000000000000000e+00,1.400585235321725408e+00,6.887256349821609547e+01,3.760958970027117232e+01,7.834016579301601446e-01,1.237178171298392027e-01,2.811928480999438928e+00,1.230805861985929894e+00,5.678717435496661636e+00,7.336840986401896858e-01
1.020048380000000000e+09,1.034000000000000000e+03,3.200000000000000000e+01,1.325665693819790825e-01,8.428026865939941104e+00,5.449239583097700290e+00,8.657480059389404126e-01,7.469757167680423082e-01,2.558982866924052413e+00,8.640260243734333434e-01,5.871166224131816769e+00,6.031853890183376879e-03
1.020805743000000000e+09,1.495000000000000000e+03,2.000000000000000000e+00,6.347736334056067742e-01,3.284113895294475327e+01,2.556455074028998098e+01,5.168679293824748333e-01,1.667352300013405231e-01,2.473976125533922765e+00,5.051003905923063808e-01,4.901868526285678485e+00,-2.054977028135988176e-02
1.012918709000000000e+09,1.823000000000000000e+03,4.000000000000000000e+00,2.047835138476258310e-01,3.653539902380909155e+01,1.335547940091468000e+01,5.948555932533148294e-01,6.675130121453861642e-01,2.245499106194067895e+00,4.450535724817193950e-01,5.112393761780999135e+00,6.165896500777471312e-01
1.025632362000000000e+09,1.941000000000000000e+03,1.000000000000000000e+00,1.184618343915958549e+00,4.281907703473808624e+01,3.950074895539772513e+01,2.868369366707616552e-01,6.867161938689214651e-01,2.468034249137226688e+00,4.610185171504975199e-01,4.985582987574151304e+00,-6.359555256641993282e-01
1.015318412000000000e+09,2.042000000000000000e+03,2.000000000000000000e+00,6.314745435143656049e-01,3.742010356928642523e+01,2.897588653575251172e+01,5.822468676483754102e-01,1.069100172461191489e-01,1.117796230575238692e+00,2.329638857875096392e+00,6.261145442440856357e+00,-4.355656739025177693e-01
1.006116445000000000e+09,2.083000000000000000e+03,4.000000000000000000e+00,1.227313748597338473e-02,2.823566785262623924e+01,2.557179158759407045e+01,5.242566187231295638e-01,3.718054698155426885e-01,1.942535950109268272e+00,1.499698095446659662e+00,4.921566007582049984e-01,3.732270976967552167e-01
1.018136898000000000e+09,2.221000000000000000e+03,2.000000000000000000e+00,5.950547128091032700e-01,5.572056415387751827e+01,2.421143832754290059e+01,2.535584267470339381e-01,9.063358734120833260e-01,3.663132437632228844e-01,2.856465750584250340e+00,3.760395995087028709e+00,-5.744931484839385649e-02
1.029980627000000000e+09,2.602000000000000000e+03,2.000000000000000000e+00,1.739656505568902556e-01,6.120545396710362240e+01,3.425615108627827254e+01,9.021422744153659301e-02,1.857681281865324607e-01,7.207715603002113891e-01,1.019818169787542333e-01,2.717878111065329172e+00,1.099846800797009472e+00
1.025221687000000000e+09,2.793000000000000000e+03,2.000000000000000000e+00,5.244647494317637992e-01,4.426474926395281528e+01,2.774791254975804122e+01,6.635673816972903483e-01,4.230251032873059147e-01,2.082052880916023252e+00,2.550744645335654148e+00,5.397285002168338508e+00,-6.315901285145879562e-01
1.024740824000000000e+09,3.429000000000000000e+03,4.000000000000000000e+00,1.466940656222952000e-01,3.241891946133596747e+01,1.671035511647523819e+01,2.454641911121183961e-01,8.694110710108307050e-01,2.238162041679280456e+00,2.979312535346136492e+00,3.437394419657586742e-01,-8.869347636991949946e-01
1.025667008000000000e+09,3.596000000000000000e+03,2.000000000000000000e+00,7.760248276035572879e-01,3.670094007155601901e+01,3.027289333674931271e+01,2.332458470765423619e-01,8.978682409767300143e-01,2.662778662411002362e+00,2.644503064804439862e+00,1.768939601028341801e+00,-5.050814845211880622e-01
1.019448343000000000e+09,3.815000000000000000e+03,1.600000000000000000e+01,3.410525705748097547e-01,1.284687532559028611e+01,6.440497716320704669e+00,8.900501303601994207e-01,1.452852863164250108e-01,4.255294390576111474e-01,2.908033177847928030e+00,6.273623285183345999e+00,-3.547722586016954227e-01
1.004194264000000000e+09,3.848000000000000000e+03,4.000000000000000000e+00,3.804221178655175506e-01,3.011242596588762055e+01,1.341998794146040552e+01,9.600979522922784559e-01,9.855715180439938994e-01,4.680991944740808819e-01,2.976535748953158311e+00,2.512793773208018777e+00,3.219010962679135779e-01
1.026180550000000000e+09,3.873000000000000000e+03,3.200000000000000000e+01,8.782067303581861384e-02,8.782911535322286412e+00,7.433621318202147776e+00,1.397854237160232604e-01,6.348487672723431841e-01,2.200024984182871179e+00,2.850042670215621410e+00,1.927271823402081807e+00,9.279536940604768969e-01
1.000683905000000000e+09,4.328000000000000000e+03,1.000000000000000000e+00,1.147585210011009327e+00,5.796648966597885533e+01,5.107783060238816830e+01,6.995647457601325003e-01,4.798201314971481946e-01,2.565537006128004283e+00,1.086999818093372205e+00,5.193031767858287573e+00,1.027184822556312049e+00
1.002405807000000000e+09,4.947000000000000000e+03,4.000000000000000000e+00,6.473104441383980001e-01,2.534296759066613447e+01,1.573049411472940129e+01,2.029694091314702686e-01,9.779520589933597963e-01,2.672774431807799278e+00,5.897415388841044381e-02,1.735149963305376408e+00,-7.226709810692983904e-01
1.019908734000000000e+09,5.175000000000000000e+03,8.000000000000000000e+00,3.437806992553100183e-01,2.173240935045197375e+01,1.242193105761720417e+01,9.375752559101011574e-01,4.365380992435775598e-01,5.954068379611149320e-01,1.959799430863681913e+00,4.229521350790054868e+00,-4.420923934642546071e-01
1.016520766000000000e+09,5.205000000000000000e+03,2.000000000000000000e+00,7.128789162676762992e-01,4.298679011251986282e+01,3.516146896353296825e+01,6.277545723897104413e-01,5.062366049225973663e-01,2.697182865800547003e+00,2.575376581080129235e+00,2.937747039822253825e+00,2.813495157133947752e-02
1.030624457000000000e+09,5.233000000000000000e+03,2.000000000000000000e+00,4.122443781985060673e-01,3.281025839410873601e+01,3.053674545688414455e+01,4.091688017065228666e-01,7.726124928642535972e-01,7.238900939977702675e-01,4.662568359609494117e-01,3.448440968173944299e+00,1.114245192424617725e+00
1.018718879000000000e+09,5.796000000000000000e+03,8.000000000000000000e+00,3.273316192558549664e-01,1.327376512259186825e+01,1.190974719935667281e+01,6.865896356909145792e-02,9.294144003959571299e-01,2.658159784497287514e+00,3.122873919791899766e+00,5.380386148760503140e+00,-4.166234271280606222e-02
1.029155285000000000e+09,5.896000000000000000e+03,1.600000000000000000e+01,3.326858932037226602e-01,1.128418289615919434e+01,7.622239829799464239e+00,8.120018163337257011e-01,3.560675839149993749e-01,4.214901549706412953e-01,2.726769308796590074e+00,5.337875704320705239e+00,-8.068266879101881894e-01
1.014611553000000000e+09,5.985000000000000000e+03,8.000000000000000000e+00,3.833647631633274599e-01,2.389217099134793898e+01,8.499580650582808872e+00,5.727920883368141647e-01,2.649852840307817536e-01,3.126205493943587932e+00,2.479595504413236284e+00,5.362066102929119893e+00,8.617930532072180794e-02
1.029143952000000000e+09,6.023000000000000000e+03,2.000000000000000000e+00,5.663152495561488697e-01,6.385370837198347971e+01,1.407402682016263284e+01,1.209078769595403058e-01,9.121207399433743923e-01,4.904817677233139772e-01,1.475398203977826617e+00,3.842027357943873955e+00,-6.957168012159615778e-01
1.020445216000000000e+09,6.603000000000000000e+03,1.000000000000000000e+00,9.785756716723856830e-01,8.342575398455393554e+01,7.931723808855252855e+01,8.196987059519574847e-01,8.993055498344959542e-01,6.277341254478246979e-01,1.229911493298398995e+00,2.872464975722785141e+00,1.248240461282647429e+00
1.016978245000000000e+09,6.673000000000000000e+03,1.000000000000000000e+00,4.504753449908725504e-01,8.001300027012746341e+01,2.402781389180480787e+01,3.419049059117771489e-02,2.173588424916013673e-01,2.867064677319659083e+00,1.908598013618411082e+00,5.159990814674486614e+00,6.276561197879949594e-01
1.030679861000000000e+09,7.225000000000000000e+03,4.000000000000000000e+00,4.536533145386804633e-01,3.474043800135950733e+01,1.522318784412247616e+01,6.257254981949396111e-01,8.171050092654164043e-01,6.328635981462766846e-01,2.210748910049967098e+00,5.772388442732319547e+00,-8.301484081169483442e-01
1.028015597000000000e+09,7.271000000000000000e+03,1.600000000000000000e+01,4.734599878382665661e-02,2.116351552347457599e+01,6.588165645620466471e+00,6.509642113748974612e-01,2.942422672383704016e-02,1.507942044674006388e+00,8.653849049477115862e-01,4.774485885295240983e+00,2.162202979790729673e-02
1.007538952000000000e+09,7.469000000000000000e+03,2.000000000000000000e+00,3.389094486057483424e-01,4.699895109892708689e+01,2.199247196167670992e+01,5.147892901046986491e-01,1.622340202376975904e-01,2.512029615664721494e+00,2.238902330630319071e+00,2.573114272396468838e+00,-2.361061970653861863e-01
1.022791913000000000e+09,9.090000000000000000e+03,2.000000000000000000e+00,5.688429893244996149e-01,3.958728014105921034e+01,2.132588585029914086e+01,7.843320474836752432e-01,3.175538442321728522e-02,2.785231585773680685e+00,2.650306021905818987e+00,4.202467934041381525e+00,-1.042796732196586973e+00
1.018582441000000000e+09,1.006900000000000000e+04,4.000000000000000000e+00,6.866139594350006981e-01,3.579404269195676136e+01,1.846283502744270066e+01,9.755119191891630237e-01,4.383886761159324075e-01,7.701702361834615873e-01,2.733154672878273850e+00,3.513285013683856706e-01,-1.302487343703841560e+00
1.007298719000000000e+09,1.044200000000000000e+04,1.000000000000000000e+00,1.008269224901223726e+00,6.561300240936083128e+01,4.129107751291741124e+01,3.580562956041221101e-01,1.912974261298902301e-01,2.536126791205718600e+00,5.783235349792780200e-01,1.834022611697921690e+00,1.015820057071037397e+00
1.028446784000000000e+09,1.105900000000000000e+04,2.000000000000000000e+00,9.836442483911301826e-01,2.905770311939549444e+01,2.129833806672669638e+01,7.451232716879456763e-01,9.220400410380475975e-01,2.749917623585966808e+00,2.197881028443712470e+00,2.542168181862070053e+00,-7.861220792796052015e-01
1.005630886000000000e+09,1.111200000000000000e+04,2.000000000000000000e+00,1.036161790598732146e+00,4.662402086547306368e+01,2.926633437925639214e+01,7.016336824242003223e-01,4.189969301550089953e-01,4.692034113571204590e-01,2.910191859180757401e+00,8.487047670024133739e-01,3.841359594354041285e-01
1.002778373000000000e+09,1.142700000000000000e+04,1.000000000000000000e+00,8.878394725134346466e-01,7.704730690816001015e+01,4.159567149375143202e+01,1.411067705423905971e-01,5.997727909385835304e-03,2.870058821812623506e+00,1.139626387009808228e+00,2.524617958288610242e-01,8.356599338254596665e-01
1.015711320000000000e+09,1.159600000000000000e+04,2.000000000000000000e+00,4.486771607825236208e-01,3.075403985910775262e+01,2.913562071821230148e+01,6.646945991809853904e-01,4.809304633902478088e-01,8.566951706430192548e-01,1.394623076170176112e+00,3.162771841676348838e+00,-1.523246514002255803e-01
1.001086588000000000e+09,1.215600000000000000e+04,4.000000000000000000e+00,5.466250324679967632e-01,2.687224631941146313e+01,2.314415975551543170e+01,5.631307270652690100e-01,4.830900970571747610e-01,2.871997812355243429e+00,3.064299810249170308e-01,5.938108524089619422e+00,4.909692305343041907e-01
1.027378676000000000e+09,1.220000000000000000e+04,4.000000000000000000e+00,4.139388058379435686e-01,2.551893781722798593e+01,1.336206419929899702e+01,8.384250775159893254e-02,4.708579033173394129e-02,1.938947270252210364e+00,1.037583957209974539e+00,2.990697433322254906e+00,8.629781739704144305e-01
1.003300977000000000e+09,1.243300000000000000e+04,2.000000000000000000e+00,8.965221466623028990e-01,3.565453846049855713e+01,2.678205758818437587e+01,6.975985670393523019e-01,1.678913761659274750e-01,4.452290873301008312e-02,4.703062521951910102e-01,5.889259401291751850e+00,1.755788383098266792e-01
1.029935334000000000e+09,1.245100000000000000e+04,1.000000000000000000e+00,6.175503940368440858e-01,4.734515852956283055e+01,4.390850256049788669e+01,3.570886001060020187e-01,8.200439998401999608e-02,2.664586387166884673e+00,2.537349915198405803e+00,3.773899572115059442e+00,-1.055007396278735410e+00
1.017824263000000000e+09,1.299300000000000000e+04,2.000000000000000000e+00,1.010822609681328865e+00,3.686931382290431003e+01,1.943848265295721944e+01,6.425613157582835688e-01,1.628106033320613211e-01,2.871785281313676386e+00,7.950404658178310546e-01,1.248061967171163689e+00,-3.985479323233305227e-01
1.027130343000000000e+09,1.425200000000000000e+04,2.000000000000000000e+00,1.021615448324557862e+00,4.167167302299941412e+01,1.813430280241051662e+01,8.749631082492476120e-01,8.384353487466764676e-01,6.730550388023806563e-02,3.120831649139642838e+00,3.829749096877943959e+00,8.202377098500642782e-01
1.003956899000000000e+09,1.427400000000000000e+04,2.000000000000000000e+00,5.125290730177491927e-01,3.461615685191802072e+01,3.174591423710433347e+01,9.703571273591664603e-01,3.102363001046007374e-01,1.830321880432403292e+00,1.603166419186002611e-01,2.071366286083046848e+00,-6.389129796010126761e-01
1.003386058000000000e+09,1.433800000000000000e+04,4.000000000000000000e+00,1.704534937468863698e-01,3.164650134426748807e+01,2.038635716021963518e+01,8.846096037982891236e-01,9.116400839614314799e-01,2.140074970586825831e+00,8.763878669724541881e-01,2.596553947606987656e+00,1.465918786086864156e-01
1.025196505000000000e+09,1.445500000000000000e+04,2.000000000000000000e+00,8.128174503761339542e-01,4.121425111245162043e+01,2.084969159496866808e+01,8.697060709579836901e-01,9.208436002030778722e-01,6.996860171371711568e-01,2.326853157803226324e+00,5.872659350514921606e+00,-9.470093135345285518e-01
1.025166822000000000e+09,1.452200000000000000e+04,8.000000000000000000e+00,3.431089762042008884e-01,1.300488587567875953e+01,1.211164745433490175e+01,9.029984875191887639e-01,1.705019677066756112e-01,2.464229721163718079e+00,1.455687582812338565e+00,2.165177391384175642e+00,-2.806673596155046316e-02
1.015895702000000000e+09,1.454000000000000000e+04,2.000000000000000000e+00,7.610661725522134269e-01,3.369412730003414680e+01,3.158376410888617869e+01,4.063449183599989745e-01,7.470411239275680515e-01,2.214603657078432875e+00,5.962147303118917607e-01,4.312828829876923287e+00,-9.116832527474808545e-01
1.018860785000000000e+09,1.563100000000000000e+04,4.000000000000000000e+00,2.521332489974753011e-01,2.856411696509676190e+01,2.465793264273964880e+01,9.187196337319617490e-01,5.724597138780787020e-01,2.482383842350312619e+00,1.360228046482969466e+00,5.807272021289561437e+00,1.160619103241196992e+00
1.000680440000000000e+09,1.565900000000000000e+04,4.000000000000000000e+00,3.174060898171647271e-01,2.720294535860423935e+01,2.224010302940590478e+01,5.676615458375249279e-01,2.752791960701818363e-02,2.753540974722533896e+00,3.025129328822387942e-01,9.123441551629437596e-01,4.900375066020195014e-01
1.008060230000000000e+09,1.571000000000000000e+04,4.000000000000000000e+00,2.081942083988360670e-01,3.210781727125085183e+01,3.109845090270310664e+01,9.457007478039500814e-01,5.438964403969464012e-01,2.099069710398377975e+00,1.959363886583235681e+00,2.955968747014870779e+00,8.978142091090113297e-02
1.027723443000000000e+09,1.575300000000000000e+04,2.000000000000000000e+00,1.653146067502857974e+00,4.795697410604488908e+01,3.212147320905556569e+01,8.926423488490967673e-01,7.003967312640014820e-01,3.036507682499733352e-01,5.663087026559691095e-01,5.997740745943755059e+00,-8.885196244586378578e-01
1.011323076000000000e+09,1.609000000000000000e+04,8.000000000000000000e+00,8.861656877864748649e-02,2.663617054839940224e+01,1.574655616658036905e+01,6.213774264545957049e-01,2.233761664562101609e-02,6.185816785599661527e-01,4.601869938823850981e-01,1.186505555580139148e+00,-9.257002928706566935e-01
1.001685397000000000e+09,1.610300000000000000e+04,8.000000000000000000e+00,4.322994092498338436e-01,3.600459521481942460e+01,8.119069845282629316e+00,9.762353876969669386e-01,1.633528785534853547e-02,3.088410924081318676e+00,1.359565498945782602e+00,6.000657626521991972e+00,-1.944380927125693714e-01
1.019722006000000000e+09,1.633700000000000000e+04,1.000000000000000000e+00,7.074485842074650366e-01,4.563114296526484992e+01,4.480114125003913017e+01,5.798157419928785528e-01,9.220005566839335753e-02,2.478074342519073880e+00,2.290679453737460403e+00,4.656738269560202426e+00,-4.275863609238753776e-02
1.031534432000000000e+09,1.642100000000000000e+04,1.600000000000000000e+01,2.477283478901163016e-01,1.945309536621076418e+01,7.853881368408633712e+00,7.124486678199374312e-01,8.314000033338232454e-01,1.178978879366447741e+00,9.407416946190035045e-02,4.854533279997380824e+00,1.207466942079031824e+00
1.013730985000000000e+09,1.657100000000000000e+04,2.000000000000000000e+00,8.249619433473143193e-01,3.947632388787379654e+01,3.611626865301493439e+01,4.395609919160762824e-01,2.349630136567949501e-01,2.656252031530464297e+00,5.154581871905536961e-01,2.962963970411065961e+00,-1.507036243914795237e-01
1.006932339000000000e+09,1.663200000000000000e+04,2.000000000000000000e+00,5.346968369502104190e-01,3.545185859611956403e+01,3.369499375539913899e+01,6.639500797793913833e-02,5.814195160375371652e-01,2.726430080832545233e+00,1.543209935178367465e+00,7.071662170149444204e-01,4.652223046779909721e-01
1.018569638000000000e+09,1.683400000000000000e+04,8.000000000000000000e+00,2.262752479793897209e-01,2.852312067087321523e+01,6.870248399183473076e+00,5.440908312814894954e-01,1.361303301459595994e-01,2.173258561449850301e+00,2.822382735094951745e+00,5.533670431316219052e+00,-6.749919536182396040e-01
1.023482858000000000e+09,1.751100000000000000e+04,8.000000000000000000e+00,4.847085833988002412e-01,1.694213465060533608e+01,1.197612302590968270e+01,4.662761315789330507e-01,4.295836294044683701e-01,5.969420743431439469e-01,1.889009450714715099e-01,1.426481836091436195e+00,8.000268827568944863e-01
1.025263042000000000e+09,1.753600000000000000e+04,4.000000000000000000e+00,3.729557810184857547e-01,3.300596421707235351e+01,1.139327866806546652e+01,4.147101062397130500e-01,5.409603163156690986e-01,8.993152863231752558e-01,3.131548635352268128e+00,5.332187056185840879e-01,7.658961577124249187e-01
1.003568415000000000e+09,1.777800000000000000e+04,2.000000000000000000e+00,9.971727566306777257e-01,2.923956457052319990e+01,2.500470191925488450e+01,5.589595630209868160e-01,9.856846909295940984e-01,4.758080187586224419e-01,1.356890274125381879e+00,4.390574176429918651e+00,-7.542895142208746462e-01
1.019709755000000000e+09,1.783700000000000000e+04,1.600000000000000000e+01,3.076843259981715817e-01,1.300606169257774347e+01,9.669707764540824257e+00,9.282170643539260357e-01,3.420242453421867834e-01,2.905240993913014602e+00,2.856176588265840977e+00,5.885171639863370885e+00,-1.064212819271838223e-01
1.007784755000000000e+09,1.804200000000000000e+04,1.000000000000000000e+00,1.642947195120341819e+00,4.645778318315601041e+01,4.217190109281040833e+01,9.174251716457264560e-01,5.348079653827756408e-01,2.690201636490179737e+00,2.838350342358275658e+00,3.313219244058921653e+00,-5.562802161661759559e-01
1.028946168000000000e+09,1.824300000000000000e+04,4.000000000000000000e+00,4.009022041518573998e-01,3.372218033116413949e+01,2.417764098550689056e+01,4.886014733822708900e-01,6.522093909125371569e-01,3.285028439167028136e-01,1.795831120811083759e+00,3.190523982602799347e+00,-7.517222959162009888e-01
1.026134238000000000e+09,1.849300000000000000e+04,2.000000000000000000e+00,3.800554355326486999e-01,3.686042508844048626e+01,2.997427801608702680e+01,1.837519135652671831e-01,5.399962298730451860e-01,2.494781419962710967e+00,5.655657673011396658e-02,6.255242231227224892e+00,1.281655298163582479e+00
1.000156580000000000e+09,1.849800000000000000e+04,3.200000000000000000e+01,1.231193674892347156e-01,8.970486544528091244e+00,6.928134010852527780e+00,1.727285261178036768e-01,7.696765211563595388e-01,2.412785359640156280e+00,1.640443080866403225e+00,4.196529942800652613e+00,-6.722971562079367303e-01
1.002155481000000000e+09,1.916400000000000000e+04,4.000000000000000000e+00,2.755578792767128249e-01,3.389998066712731628e+01,2.530221377728044274e+01,2.956425897171432449e-01,4.460633917015477401e-01,1.098425146430672239e+00,1.539596851192359672e+00,1.293692889242880950e+00,1.921600643690894450e-01
1.025585367000000000e+09,1.924000000000000000e+04,6.400000000000000000e+01,5.619418455090320619e-02,7.261451779907689641e+00,5.015726098209908557e+00,5.886099463630770634e-01,7.122642749156865571e-01,2.434799896996140856e+00,2.501696682468022459e+00,2.848722302222239211e+00,2.687983430719483313e-01
1.000388619000000000e+09,1.930600000000000000e+04,3.200000000000000000e+01,1.566837035602738071e-01,9.283072730932174110e+00,5.659655776649571202e+00,4.981003321222866181e-02,3.063060328441585267e-01,2.296570874230332571e+00,9.443386055552308589e-01,4.709729160440358164e+00,-4.499359922431282466e-01
1.006804508000000000e+09,1.944100000000000000e+04,2.000000000000000000e+00,1.730684881985430912e-01,4.525351495193952189e+01,3.860823495385785264e+01,3.488719296333522291e-01,1.672159511654877639e-01,8.837090513435252870e-01,1.095448296829927726e+00,2.349144550590506419e+00,-2.515806101991195920e-01
1.021483434000000000e+09,1.974400000000000000e+04,2.000000000000000000e+00,8.331666304988393223e-01,3.908587056723995801e+01,2.672641341952827077e+01,5.310954653530822744e-01,6.239856849886747936e-01,2.591592931058266824e+00,2.934024160491729649e+00,3.974118995123997244e+00,-1.459792966132642089e+00
1.006311443000000000e+09,1.996200000000000000e+04,2.000000000000000000e+00,8.348933808768198572e-01,3.249833793858915953e+01,3.105574336310864680e+01,4.019366565591271923e-01,8.884735373502290756e-02,2.693409911392808720e+00,3.054262081681837326e+00,3.462926913241830995e+00,-4.591568951831981327e-01
1.014826509000000000e+09,1.998800000000000000e+04,1.000000000000000000e+00,9.960712060558525316e-01,5.031538138203448085e+01,4.830441834661323242e+01,9.577324610180010245e-01,1.732144117628781621e-01,6.268492673817993577e-01,1.966083196904419239e+00,5.768251850683085991e+00,2.741378481617401386e-01
1.028089133000000000e+09,2.070500000000000000e+04,4.000000000000000000e+00,3.297588459044070719e-01,3.033382691092599615e+01,2.477507650193426869e+01,9.245015886358135537e-01,3.841183234586786899e-02,2.102338333696228911e+00,1.553290638861340112e+00,1.553102807040467881e-01,1.066514189415729508e+00
1.008026058000000000e+09,2.078500000000000000e+04,2.000000000000000000e+00,1.169767678160850366e+00,5.824228129878024163e+01,2.480717249622313147e+01,7.656340372658952953e-01,6.117533883971260078e-01,2.747536524024481452e-01,1.090507227084658526e+00,5.592443614206668023e+00,7.804708024072504191e-01
1.006109741000000000e+09,2.126600000000000000e+04,1.000000000000000000e+00,1.153925172183802861e+00,4.549491536295273164e+01,4.304166995588725797e+01,2.656048806903813300e-02,9.506503179612787457e-01,8.828078456896464310e-01,2.828063278330153807e+00,4.227349793533385913e+00,1.766268164816382213e-01
1.018563225000000000e+09,2.132700000000000000e+04,2.000000000000000000e+00,6.163542166782868259e-01,4.054130636647943220e+01,2.962060141635994626e+01,4.092338166104061981e-01,7.492537955478132394e-01,1.456036724941349725e+00,2.002533502273627697e+00,4.565606314236709373e+00,-7.732011693845638467e-01
1.030551515000000000e+09,2.139400000000000000e+04,2.000000000000000000e+00,1.517301496355547563e+00,3.383749859131629734e+01,3.099525089520859211e+01,9.327864031023599400e-01,8.224860386532194534e-01,2.948928331929290714e+00,1.680907374913781727e+00,2.415026913952400101e+00,2.153653387479793346e-01
1.018097139000000000e+09,2.184200000000000000e+04,4.000000000000000000e+00,2.308860172998613569e-01,3.150172406488056964e+01,1.612085135693724069e+01,8.613609751389490754e-02,4.481283473699345654e-01,1.006202880222050400e+00,2.590475869468965797e+00,3.040993320599452154e+00,-4.618752505431985012e-01
1.010001056000000000e+09,2.243000000000000000e+04,1.600000000000000000e+01,2.647043776937338388e-01,1.821759876631101704e+01,6.185803312338762794e+00,2.659627630817775201e-01,6.482556068748147604e-01,2.638650528022000952e+00,1.591192608932825436e+00,2.170686738534305604e+00,-5.028397723669514319e-01
1.006608279000000000e+09,2.259000000000000000e+04,4.000000000000000000e+00,7.402295990213954013e-01,2.750890003456294863e+01,1.227802781654254005e+01,9.766888574532079925e-01,9.562678267475577254e-02,2.534985747441533821e+00,1.490604195481509908e+00,5.643378804413719863e+00,-7.719471014455606683e-01
1.020957815000000000e+09,2.306900000000000000e+04,2.000000000000000000e+00,4.523585105586784283e-01,3.559575181197596550e+01,2.335251825698215455e+01,5.206467037326448777e-01,1.801113704936486148e-01,2.776791659277118018e+00,2.309544398108257290e+00,5.635390613213575151e+00,1.171431864139910850e+00
1.021558288000000000e+09,2.310700000000000000e+04,8.000000000000000000e+00,4.738547190062323278e-01,1.623666029402683719e+01,1.070384780696915072e+01,8.710328498978354705e-01,1.181043619582690385e-01,3.788902771361378208e-01,5.461550293275617696e-01,5.541293632168184935e+00,6.345730527431008294e-01
1.029177207000000000e+09,2.321100000000000000e+04,2.000000000000000000e+00,4.738345480789774022e-01,3.975412422569303317e+01,3.624102245223832597e+01,8.478256034295883481e-01,7.442651289316241092e-01,5.214935479546581876e-01,1.619432161016164828e+00,1.403012418938998973e+00,-3.659725297312617087e-01
1.009092408000000000e+09,2.338700000000000000e+04,4.000000000000000000e+00,5.123027420055431547e-01,3.077174893530645150e+01,1.123462385479305325e+01,3.158143369997077343e-01,9.123409244135303187e-01,2.956639466002507710e+00,1.497620720532309768e+00,5.710518091998269874e+00,6.911827546233061115e-03
1.005460066000000000e+09,2.359800000000000000e+04,3.200000000000000000e+01,1.125254072399883704e-01,7.984808520377127294e+00,6.451487463619528739e+00,9.933301029617333522e-02,5.115856916205846483e-01,9.866105256460245831e-01,1.528493982941154794e+00,4.253295101881330531e+00,2.664702208676103523e-01
1.001084449000000000e+09,2.386200000000000000e+04,2.000000000000000000e+00,5.020509553281369275e-01,4.833007957313602532e+01,2.442585653839864079e+01,3.752028964722293747e-01,5.561900537279648171e-01,3.120130586458780275e-01,1.716395205719267514e+00,2.263388942676411997e+00,-8.029400380667260639e-03
1.019615416000000000e+09,2.394800000000000000e+04,8.000000000000000000e+00,4.288406100270999999e-01,3.583288058597426584e+01,8.237011101768411336e+00,8.032013512935498589e-01,5.534349325052073665e-01,8.156004070633735559e-01,2.757303601308133345e+00,2.986500091037747939e+00,6.189359417359530102e-01
1.011854544000000000e+09,2.396100000000000000e+04,2.000000000000000000e+00,3.271099261584543560e-01,4.185266614632472937e+01,3.550555489284391797e+01,6.994590347136327990e-01,3.361330031792981177e-01,1.214248116992197479e+00,8.422702436158491235e-01,6.051722954230665863e+00,1.978896214906077367e-01
1.008445977000000000e+09,2.475100000000000000e+04,1.000000000000000000e+00,5.238376751845772450e-01,6.284309272643207578e+01,5.417192259594562387e+01,2.109430839545618219e-01,2.993083203812250681e-01,2.425019199647858947e+00,7.660164692253668139e-01,2.943809993149227200e+00,-1.420117741495568846e-02
1.010298625000000000e+09,2.500400000000000000e+04,3.200000000000000000e+01,1.386220165490347489e-01,6.446040284615405902e+00,6.086955388408060053e+00,9.823214533290552941e-01,3.429668984806567011e-01,9.422778544486707375e-01,1.712886600424986971e+00,5.173510844917137419e+00,-8.481809999143966605e-01
1.029377139000000000e+09,2.523400000000000000e+04,4.000000000000000000e+00,7.513500394690619810e-01,3.311493936033517826e+01,1.819497825810530145e+01,7.878581250963594407e-01,8.804908482008910742e-01,2.019842434453368030e-01,1.749600899260953746e+00,4.929088541972502568e+00,7.523516278002887470e-01
1.001106576000000000e+09,2.545100000000000000e+04,2.000000000000000000e+00,1.287553839335680461e+00,4.153591117315291115e+01,3.631525988482823664e+01,6.617681989627128836e-01,9.181456929883783369e-01,3.122537992842857602e-01,1.669755934405995790e+00,2.233379451880282696e-01,-9.803417826689040382e-01
1.010665675000000000e+09,2.674800000000000000e+04,2.000000000000000000e+00,6.100564937445667191e-01,8.126983835101889042e+01,4.236364518713373428e+01,8.491814300789237713e-01,9.184020574683992022e-01,2.341450747775938979e+00,2.618975539847488321e+00,1.493392817888468116e+00,-1.982142015297067572e-01
1.027226549000000000e+09,2.675800000000000000e+04,2.000000000000000000e+00,2.667540970756733798e-01,4.056584862257049195e+01,3.464385259380906490e+01,8.621475836399082882e-01,1.174501123016299386e-01,1.882783591855177630e+00,6.476230529381160617e-01,2.192045328977318519e+00,2.802056827557454777e-01
1.008278445000000000e+09,2.746900000000000000e+04,1.600000000000000000e+01,2.407597867783897172e-01,1.218827190860169196e+01,1.130338782072187875e+01,2.246615619863515656e-01,8.741548968956663890e-02,8.281140334087984112e-01,2.331278087813628830e-01,2.705126947360285250e+00,-8.860572431107872626e-01
1.025357057000000000e+09,2.761300000000000000e+04,2.000000000000000000e+00,6.951816906615931879e-01,5.673043729261133450e+01,1.864512282828728829e+01,8.866263305426043129e-01,8.253737401277486674e-01,2.183776111252369923e+00,2.149978420364827336e+00,3.863136134023008594e+00,-7.688284596386572023e-01
1.027073414000000000e+09,2.789100000000000000e+04,1.000000000000000000e+00,9.962769668327363659e-01,5.723958552753690299e+01,4.284540996822213543e+01,6.548136937320323536e-01,5.379107233158429979e-01,8.868302832934878976e-01,2.241786316486358288e+00,4.301047253969434436e+00,-1.429398601161594007e+00
1.005014047000000000e+09,2.806600000000000000e+04,4.000000000000000000e+00,6.238915168312417769e-01,2.533425087601225556e+01,1.866121792231065868e+01,8.358528445084171254e-01,6.085959901626258883e-01,2.816112733084462416e+00,5.620114786660074246e-01,4.954788691715296345e+00,-1.728091443050280285e-01
1.010470851000000000e+09,2.853500000000000000e+04,2.000000000000000000e+00,6.405547892403250509e-01,6.529009528883014468e+01,1.721174033890902777e+01,2.407599144783508227e-01,4.849812895683586200e-01,2.423388005492529196e+00,4.559931900076299449e-01,3.521263540832670014e+00,5.565600476578281830e-01
1.022895391000000000e+09,2.861500000000000000e+04,2.000000000000000000e+00,3.371559209069499019e-01,4.441138356094629813e+01,2.887192531872725709e+01,9.102384346224503542e-01,3.226488991381187832e-01,2.660653333063237813e+00,2.794059443479964600e+00,4.310925696157149822e+00,-2.940480038563713858e-02
1.008595467000000000e+09,2.939300000000000000e+04,2.000000000000000000e+00,5.266059817863679715e-01,3.191709700156582485e+01,2.563479578786754587e+01,3.767039497970910977e-01,5.845579487035390542e-01,3.036058100455341524e+00,2.887615865944319182e+00,4.011533562601681702e+00,-9.482049965487556742e-01
1.020052256000000000e+09,2.968500000000000000e+04,1.600000000000000000e+01,1.487320606892118813e-01,1.062834256681813017e+01,7.365369662777088600e+00,7.298791105888412512e-01,2.838843937832045139e-01,2.086277857732364183e+00,2.657940327131901093e+00,4.863217832438715860e+00,-1.204327251512870456e+00
1.024458646000000000e+09,2.978800000000000000e+04,8.000000000000000000e+00,1.995541399637523750e-01,1.736648919805569946e+01,1.312024064884499630e+01,6.340614596205317310e-01,4.800972434026289370e-01,9.059480036830298566e-01,1.861448916314737190e+00,4.648071784796182548e+00,-2.019058956409367639e-02
1.015702697000000000e+09,3.009300000000000000e+04,2.000000000000000000e+00,7.524285601428029047e-01,2.794401358438094718e+01,2.404912750871496741e+01,6.927241590716906594e-02,5.817681383495070246e-01,2.702057118907817745e+00,2.770083072176026562e+00,2.962298150078883197e+00,-6.748366611918273916e-01
1.001363701000000000e+09,3.020600000000000000e+04,2.000000000000000000e+00,4.580853867818861502e-01,4.097214317971129560e+01,3.258238878322087118e+01,1.945004644056919085e-01,1.686455569114211628e-01,1.130937330751224712e+00,1.885540008563716174e+00,2.755760923201737267e+00,2.301050131394697384e-01
1.017396390000000000e+09,3.069400000000000000e+04,2.000000000000000000e+00,8.600876148218631334e-01,3.267541379907298449e+01,3.167037002502372900e+01,8.927169050385764804e-01,5.653555159288313758e-01,2.357253350955670346e+00,2.404242390532306539e-01,4.862572840733617063e+00,4.704298271825723687e-01
1.029266959000000000e+09,3.162600000000000000e+04,1.000000000000000000e+00,8.376554334448114147e-01,6.457998548791523774e+01,5.139854949624022140e+01,9.175021627826468462e-01,5.346390976331486522e-01,2.503371641790183011e-01,1.923038304662804565e+00,4.961290902928428892e+00,1.090800518353080006e+00
1.030639588000000000e+09,3.187700000000000000e+04,2.000000000000000000e+00,6.643983839833692562e-01,3.773751010434295949e+01,2.290959311547376487e+01,9.721238127611392388e-01,5.596309640532129981e-01,2.443163365163239398e+00,1.908972814510318861e+00,5.500665326675356681e+00,-8.560842711660532345e-01
1.015246615000000000e+09,3.189100000000000000e+04,4.000000000000000000e+00,3.641181926632431898e-01,3.356481307582505025e+01,1.766407128545157690e+01,6.828540426085633053e-01,5.715230523245278249e-01,1.169203312993798871e+00,6.817132395910662224e-01,4.205910891301228305e-01,-7.172647326431500492e-01
1.020059528000000000e+09,3.231900000000000000e+04,4.000000000000000000e+00,3.263100327021497549e-01,3.646603365531772312e+01,2.212533759215922657e+01,2.072703338610173418e-01,6.486716031403046978e-01,2.145392588152659208e+00,2.395900313649060032e-01,1.026622858606511368e+00,-1.573517081139024221e-01
1.019586366000000000e+09,3.290100000000000000e+04,2.000000000000000000e+00,6.449003859080695289e-01,3.503339221874732345e+01,1.888023989925437007e+01,8.357573700586284904e-01,5.607793128565632251e-02,2.647673461647205961e+00,6.001653386732140882e-01,2.900276671819192575e+00,-5.399743209054301829e-01
1.025700541000000000e+09,3.297700000000000000e+04,4.000000000000000000e+00,6.541216461447784125e-01,4.440756232333375664e+01,1.053757519850173097e+01,6.020175370595369779e-01,2.071790023563278293e-01,2.487420006224444258e+00,3.424841527415929676e-02,3.878951804396384428e-01,8.489312492248695108e-01
1.018095075000000000e+09,3.314600000000000000e+04,2.000000000000000000e+00,2.876508382358899385e-01,4.300818910433049069e+01,2.824552883250944291e+01,2.061713392995850602e-01,1.983804893816847048e-01,2.075501296944034291e+00,7.483338230205945074e-02,4.630082418693455715e+00,-1.127872174941776523e-01
1.011885984000000000e+09,3.324800000000000000e+04,4.000000000000000000e+00,1.915145125120325531e-01,2.857387201749599370e+01,2.497718517650640635e+01,8.002475765774627048e-01,3.346803092803110613e-01,3.838608595408556923e-01,4.133948823487906266e-01,5.236770009216162869e+00,1.257352937893551514e+00
1.029614934000000000e+09,3.329400000000000000e+04,8.000000000000000000e+00,2.499760337327017190e-01,2.844830635973278987e+01,7.675713925093105239e+00,5.554685694134732232e-01,6.407483493150323284e-01,1.886023638744786846e+00,2.345595659410348421e+00,2.565273230656823777e+00,6.218160798396344946e-01
1.003471130000000000e+09,3.352300000000000000e+04,4.000000000000000000e+00,1.665579338054452019e-01,5.112303370074961606e+01,1.121950578004162224e+01,8.956363484387418472e-01,8.846003308207839311e-01,1.307569165044022874e+00,1.079042593427965935e+00,3.588583401444676024e+00,-6.262467924888115434e-01
1.012113990000000000e+09,3.368400000000000000e+04,2.000000000000000000e+00,1.591366825153002651e+00,5.036784680362635669e+01,3.779490304655966781e+01,8.818554454362713679e-01,8.372728511534686113e-01,4.369148602618211363e-01,2.485089335351311490e+00,5.805791737989551393e+00,-8.747328351589951367e-01
1.008976609000000000e+09,3.377900000000000000e+04,1.000000000000000000e+00,1.043976450696122216e+00,8.256427230808725426e+01,7.959181825359907236e+01,5.826252141282832475e-02,8.765846367037102294e-01,1.265418274711195057e+00,1.969065991278275307e+00,3.119752491264322636e+00,-7.363736834400108622e-01
1.003235283000000000e+09,3.381200000000000000e+04,1.000000000000000000e+00,1.454333405794436818e+00,6.730378386094001542e+01,3.842878364355630794e+01,2.250141125906282014e-01,1.299382984887061943e-01,2.469710860837051325e-01,2.529578495997584220e+00,1.644435713770939334e+00,1.062539803397914318e+00
1.001515333000000000e+09,3.383500000000000000e+04,1.000000000000000000e+00,1.430813211999957479e+00,3.736874963314988918e+01,3.063571241275480261e+01,2.681610336709508088e-02,9.602683099253901400e-01,2.308397440728266747e-01,1.782519899401155516e+00,5.422917333973226839e+00,-5.607551377793176250e-01
1.028193685000000000e+09,3.461300000000000000e+04,4.000000000000000000e+00,9.338940857025687103e-01,2.841031634431443820e+01,1.840701149697278893e+01,9.794949634771489277e-01,6.707203905418857026e-01,2.924961317394280336e+00,1.973887210603008091e+00,5.548355245065214048e-01,8.590133888227170500e-01
1.016246585000000000e+09,3.499600000000000000e+04,4.000000000000000000e+00,3.777729456093217864e-01,3.342984417854974311e+01,2.330840759298554943e+01,6.553365509642734565e-01,3.938246078116605653e-01,9.578038959554707743e-01,1.861811913313689670e+00,4.596408148535126692e+00,1.504974845381177762e+00
1.025449625000000000e+09,3.526600000000000000e+04,4.000000000000000000e+00,8.633935101951717428e-01,3.095734481286507744e+01,1.516455591632825950e+01,9.279516318880209891e-01,9.321329866773679917e-01,2.895760875172003868e+00,3.042015645327261097e+00,7.910794266093900129e-01,3.171763561576043111e-01
1.013402849000000000e+09,3.537700000000000000e+04,2.000000000000000000e+00,7.093802952954603169e-01,5.206426346518070147e+01,3.615217109891812441e+01,2.390171159423281066e-01,6.584220277985847192e-01,2.462880478330644163e+00,2.830437477684195624e+00,5.002745917762248418e+00,-5.091205625078155245e-02
1.020693341000000000e+09,3.585800000000000000e+04,1.600000000000000000e+01,2.960339099320405398e-01,1.678254417704732759e+01,6.404853467012113555e+00,1.285445937725260279e-01,2.858853292160510318e-01,2.491622195983880683e+00,1.737381091546504219e+00,2.836028372869797032e+00,-9.308896561266274405e-01
1.025108211000000000e+09,3.619200000000000000e+04,4.000000000000000000e+00,1.161544920616509324e-01,3.891342062842609550e+01,2.383802126260986398e+01,8.964708206095838294e-01,7.363484021355681808e-01,4.587804894129789979e-01,8.288508317818782389e-01,2.435465319326628464e+00,-8.132894003813058159e-01
1.005447674000000000e+09,3.651500000000000000e+04,2.000000000000000000e+00,6.269176624150307742e-01,3.694300376401292851e+01,2.885066092407875615e+01,5.024623527049486560e-01,1.888034969901213611e-01,4.075954312377719768e-01,1.690410480598198095e+00,5.865862275383523089e-02,4.069627433699107844e-01
1.025705904000000000e+09,3.667200000000000000e+04,1.600000000000000000e+01,4.863800375551791122e-02,1.009882125788196561e+01,9.981337254325888253e+00,7.720103075576233431e-01,7.002185378450054287e-01,9.821421583624014850e-01,2.128082706044367445e+00,5.687140263913913252e+00,-9.016849693750452754e-01
1.016080339000000000e+09,3.673800000000000000e+04,2.000000000000000000e+00,6.016486867463488597e-01,4.403405354790854176e+01,2.252059261206827045e+01,4.935898113239978180e-01,9.184526147747779090e-01,8.014750828673580241e-01,3.113217026750211058e+00,4.737027815533648933e+00,1.433502589257742987e-01
1.018847658000000000e+09,3.676500000000000000e+04,4.000000000000000000e+00,5.382033874522422767e-01,2.923597765298105600e+01,2.186094646740494341e+01,7.170724501716739807e-01,2.969460609373507087e-01,3.365509044379596526e-01,2.386033517809374338e+00,9.804883603112370116e-02,-7.569635815908744118e-03
1.027761830000000000e+09,3.705100000000000000e+04,4.000000000000000000e+00,2.933342568322441779e-01,3.824901912323721120e+01,1.703984507766712753e+01,6.157198291281720248e-01,4.823113636144403249e-01,1.626452212735801206e+00,8.285646263258419353e-01,5.615381500623832345e+00,5.381196271877045773e-02
1.020393275000000000e+09,3.731300000000000000e+04,1.600000000000000000e+01,1.535443778325949749e-01,2.360116493169863361e+01,6.404137366940601872e+00,9.664073288210743851e-01,7.192189779211961564e-01,5.591168931295549260e-01,2.500586484799009579e+00,7.166423703528589373e-01,6.348293585168439668e-01
1.011953899000000000e+09,3.750100000000000000e+04,4.000000000000000000e+00,5.601847659178527117e-01,3.275736428745950235e+01,1.064671480262927616e+01,9.457220188855988141e-01,9.430079132880129222e-01,2.921120608540125119e+00,3.335875903122484387e-01,3.997521985474559170e+00,1.138526894465305972e-01
1.020206657000000000e+09,3.810000000000000000e+04,2.000000000000000000e+00,4.112904426095488897e-01,5.330393788387174681e+01,4.316831363918634423e+01,2.436950328197049764e-01,9.183811520596054656e-01,1.560532210258955166e+00,2.913256366390995833e+00,2.015912101516240451e+00,-2.041161385056643462e-01
1.028558394000000000e+09,3.816400000000000000e+04,1.600000000000000000e+01,1.502983613804172169e-01,1.290258258588591822e+01,6.668330070464153714e+00,9.668324290318645875e-02,8.634915255298658554e-01,2.045466982849156512e+00,6.213783938630903503e-01,8.345616664598957124e-01,4.709995875998610471e-01
1.030847702000000000e+09,3.829600000000000000e+04,4.000000000000000000e+00,4.222543469877611533e-01,1.992662379294232977e+01,1.827956535352008061e+01,8.965043504994374413e-01,6.562770487942148900e-01,6.126768179313455409e-01,2.759161563957783780e+00,3.353950046768858773e+00,-6.774250047487103688e-01
1.014726328000000000e+09,3.838400000000000000e+04,1.000000000000000000e+00,9.984059140252304898e-01,4.465700069540036310e+01,4.040016168567770904e+01,3.748368260050619627e-01,3.625135755984222885e-01,8.360053031091931874e-01,6.245003722311545102e-01,1.415125782854041558e+00,-4.221688099568913777e-01
1.018801332000000000e+09,3.908400000000000000e+04,1.000000000000000000e+00,1.217396509471849297e+00,6.637250757217691444e+01,4.995024294457170555e+01,3.895799020744515895e-01,3.044053234277889763e-01,2.838287905033098468e+00,2.223959105632407063e+00,5.911887443960418764e+00,-5.089543401881915785e-02
1.024222583000000000e+09,3.959100000000000000e+04,2.000000000000000000e+00,5.646948016015141958e-01,3.413767431610441605e+01,1.783457896030369128e+01,1.183577766832304284e-01,6.700456134365351257e-01,3.720605280494713174e-01,1.061875167969130174e-01,3.186498658073313450e+00,-4.677649198911183470e-01
1.000060710000000000e+09,4.045800000000000000e+04,8.000000000000000000e+00,1.677396319148931059e-01,2.438646125739296266e+01,1.342744087101301886e+01,3.854015631244329942e-02,7.801883004999978777e-01,2.202847454850384690e+00,1.447940570605149357e+00,2.308260755152040211e+00,-7.058891926380250759e-01
1.011289046000000000e+09,4.075100000000000000e+04,2.000000000000000000e+00,8.741713093950153057e-01,4.310108649866664621e+01,3.659287808118332919e+01,2.603322314950269889e-01,8.628640460323926398e-01,2.614935626159131221e+00,2.885332182226349129e+00,3.866193759480132552e+00,9.183493410710426019e-01
1.001891471000000000e+09,4.144700000000000000e+04,1.600000000000000000e+01,1.400055922570196676e-01,9.998494735906144015e+00,8.257260601413518586e+00,3.253319973004995536e-01,6.349504398293137619e-01,1.119110710686015642e+00,1.854539842466955024e+00,1.914342939994286619e+00,6.766445242803001969e-01
1.005519042000000000e+09,4.294700000000000000e+04,4.000000000000000000e+00,4.093877276490392458e-01,1.953475791310555465e+01,1.821487798596264795e+01,4.091728063225057999e-01,5.723704858681547547e-01,2.563406303535334718e+00,2.282769796685019781e+00,3.702786152768383410e+00,-3.510617170556659117e-01
1.021311679000000000e+09,4.308500000000000000e+04,4.000000000000000000e+00,5.454118049754610453e-01,2.402324671439329151e+01,1.775845899128716354e+01,1.155572200652074666e-01,7.498475304107237172e-01,2.452760113081773774e+00,1.246168003436765925e+00,6.095155865089718183e+00,9.586698794708293780e-01
1.009381827000000000e+09,4.327000000000000000e+04,2.000000000000000000e+00,6.688802595082022906e-01,3.460154698029566589e+01,2.132090120662207866e+01,4.209372257233766068e-01,5.419058186403280519e-01,2.433673624210656250e+00,2.455535467042688325e+00,7.776926565213632125e-01,-8.410408826089272871e-01
1.021450563000000000e+09,4.430000000000000000e+04,3.200000000000000000e+01,2.387621259748890501e-01,1.211044554846778887e+01,5.286777720132584513e+00,6.278102527053025517e-01,7.324361536675473294e-01,2.466725461321321866e+00,2.065140614276224085e+00,4.831453231168223006e+00,7.262920516724624687e-01
1.004143239000000000e+09,4.544600000000000000e+04,4.000000000000000000e+00,1.748910252180841118e-01,3.489728787710128444e+01,1.599917191274208506e+01,9.056502492696257844e-01,4.480604737868712495e-01,2.556695773614207745e+00,2.348158257613827335e-03,4.484817021916859048e+00,1.421246919803173803e-01
1.023921975000000000e+09,4.586300000000000000e+04,2.000000000000000000e+00,4.849418403400369004e-01,3.708139326249495582e+01,3.427905133263963933e+01,4.961017139828655664e-01,1.639146508290616477e-01,7.253026266880033823e-01,1.091894048707255704e+00,4.323850507740869098e+00,-8.714982630034441291e-01
1.005531196000000000e+09,4.612500000000000000e+04,1.000000000000000000e+00,1.002086185078457925e+00,7.184688013644792193e+01,5.738788096788360349e+01,6.813241791715081153e-01,8.528719236074262522e-01,2.248755469229350989e+00,1.783558663586418902e+00,3.369130316438992523e+00,1.769880932589642034e-02
1.001274637000000000e+09,4.616800000000000000e+04,1.000000000000000000e+00,1.461555347731130716e+00,5.799804566913010717e+01,4.368074025178843556e+01,8.350707353746904538e-01,7.969998903911069688e-01,2.470889092733791870e+00,1.780311827136969338e+00,3.312690433241537669e+00,1.102880028163772064e+00
1.021890184000000000e+09,4.664100000000000000e+04,1.600000000000000000e+01,1.833793130818410777e-01,1.557895868787611526e+01,5.830449364652310784e+00,5.237957178049409412e-01,5.785574660976606776e-01,5.745954397693585625e-01,1.245034755178304087e+00,3.636407537750224961e+00,-9.376302542085788172e-01
1.012832507000000000e+09,4.795000000000000000e+04,1.600000000000000000e+01,1.381955544451546336e-01,1.153487973041834458e+01,1.006496312498102341e+01,3.066376561233843390e-01,2.158178809145975818e-01,1.016284721634458821e+00,2.960385242194312649e+00,1.290003609598521506e-01,2.187069616986307419e-01
1.012716762000000000e+09,4.808600000000000000e+04,4.000000000000000000e+00,4.194176034599232938e-01,3.666614458882167327e+01,1.704082363625135699e+01,2.805600525911350340e-01,9.030748986804395528e-01,3.582612529400623358e-01,2.827137035137437526e-01,8.586934861345528747e-01,2.613063816178595733e-01
1.000225494000000000e+09,4.813100000000000000e+04,8.000000000000000000e+00,1.627719128606385512e-01,2.024398618740369926e+01,1.937904872722050698e+01,7.932517454277013824e-01,5.175797664214727006e-02,7.339661774434150798e-01,4.134391484434121189e-01,1.512937569245915714e-01,2.902560050676282200e-01
1.015407040000000000e+09,4.816200000000000000e+04,4.000000000000000000e+00,2.180640187400705032e-01,2.790905125037356171e+01,1.371203898731755544e+01,6.771482871748822630e-02,5.966858945839329520e-01,8.263399960848327730e-01,2.238152753325217237e+00,2.303403627476444004e+00,-3.039790578217101968e-01
1.013715256000000000e+09,4.817800000000000000e+04,1.000000000000000000e+00,3.078133966340129701e-01,7.329657310656104130e+01,5.331934568448838263e+01,1.039091112977318931e-01,3.383108440649471582e-01,1.328692950999080136e+00,2.019479963744741369e-01,4.627279650104150210e-01,9.980888511997493273e-01
1.005940923000000000e+09,4.852800000000000000e+04,4.000000000000000000e+00,3.928393069236470470e-01,2.201471438613216947e+01,1.636502963560833024e+01,6.496352251802017808e-01,1.403840559796186438e-02,1.991394954015103691e+00,1.096409094370407900e+00,4.985271158236121103e+00,9.815601434779960277e-01
1.015378333000000000e+09,4.856900000000000000e+04,8.000000000000000000e+00,3.627195858041891152e-01,1.860723436083486604e+01,1.612713975064670890e+01,8.008457371370604205e-01,5.540567047229872921e-01,8.132859052718247606e-01,1.594228405065212462e+00,1.692533589268739869e+00,3.641192011046634480e-01
1.008705388000000000e+09,4.887800000000000000e+04,8.000000000000000000e+00,2.087585766154075873e-01,2.008755770048457734e+01,1.677641972302418338e+01,9.070251139112088801e-01,6.636896489577729374e-01,2.525623131945737398e+00,6.730896194196488436e-01,2.548355924754692303e+00,-1.266672396961036062e+00
1.012088026000000000e+09,4.972000000000000000e+04,4.000000000000000000e+00,3.233331578285152941e-01,2.251864356781659282e+01,1.722295777949610596e+01,5.736007740743986894e-01,4.493434717966477421e-01,1.014798129405074301e+00,8.278161061354444294e-01,1.212349881431882048e+00,3.684967346527895926e-01
1.001848513000000000e+09,4.982700000000000000e+04,2.000000000000000000e+00,9.473540384386787139e-01,3.847409090213079708e+01,3.206163592737791390e+01,5.399700838272940562e-01,4.128716854205782272e-01,2.692955891662213830e+00,1.303914077105172709e-01,1.731640724597501624e+00,-1.084236682072063467e-02
1.006724748000000000e+09,5.025800000000000000e+04,8.000000000000000000e+00,5.457701057010406753e-01,2.268500525333115903e+01,1.016900151226985827e+01,5.428450869762354580e-01,4.696929059923429239e-01,2.766294248952339885e+00,1.070254230154537023e+00,1.433885220617458600e+00,-9.059191028414927960e-01
1.014229707000000000e+09,5.028900000000000000e+04,3.200000000000000000e+01,3.797336113525634493e-02,1.183755265105272336e+01,5.829701013395214737e+00,4.989929160089318638e-01,7.734117678810173424e-02,4.317640073506850973e-01,2.720417923859193898e+00,3.684104022034583981e+00,-2.329346458947014198e-01
1.012966152000000000e+09,5.048500000000000000e+04,8.000000000000000000e+00,2.118787406705519571e-01,2.041121771504193561e+01,1.499442739677502701e+01,9.420381735617874286e-01,8.824772390484346696e-01,7.882994261012451487e-01,2.112368040514328804e+00,9.219303331832516546e-02,1.050351562268512673e+00
1.016908070000000000e+09,5.080000000000000000e+04,4.000000000000000000e+00,5.286146581584687532e-01,3.446193687003381712e+01,2.043736658272517204e+01,9.773530206622144112e-01,6.136119527524496187e-01,2.721421473206163011e+00,2.413305906082265917e+00,2.536129700513816143e+00,-4.991713651874258306e-01
1.021622586000000000e+09,5.102100000000000000e+04,4.000000000000000000e+00,3.196893040300285427e-01,3.666416020635497830e+01,1.691871904614810873e+01,3.318281594633888387e-01,3.647393161846864129e-01,2.031624873628535610e+00,1.530860756148183954e+00,1.148099626162487841e+00,-5.060540632082294321e-01
1.018651436000000000e+09,5.104200000000000000e+04,2.000000000000000000e+00,6.195408631854146808e-01,3.158556273134210457e+01,2.745514241945899059e+01,8.084528005964204400e-01,7.818942655918559304e-01,2.463760660067194408e+00,2.668877348216052603e+00,1.201806684258097668e+00,-3.311702310728623089e-01
1.002046323000000000e+09,5.104800000000000000e+04,2.000000000000000000e+00,7.895690235805888912e-01,3.366787464103040861e+01,2.161875191264156371e+01,6.539220758907680064e-01,5.470065644390094128e-01,2.609292460509811118e+00,5.575547249593443278e-01,5.198629640765305204e+00,1.658813680196150608e-01
1.029546933000000000e+09,5.176000000000000000e+04,4.000000000000000000e+00,3.991798559233736277e-01,3.977705202372454352e+01,1.329966039543934642e+01,4.513289826142748984e-01,7.918615531034831623e-01,2.797264973549564271e+00,1.095823688732967316e+00,5.521573953854322703e+00,4.409519318835788959e-01
1.027145148000000000e+09,5.177800000000000000e+04,4.000000000000000000e+00,3.344847469487756131e-01,3.323617948612015738e+01,1.467525959418910553e+01,8.000076514450331633e-01,7.936316307585792318e-01,1.770542116570906765e+00,1.565389491701685065e+00,3.167440243610308404e+00,-4.489225823612768007e-01
1.016793175000000000e+09,5.193600000000000000e+04,4.000000000000000000e+00,4.339173139863904960e-01,3.241848356630361394e+01,1.466089708236494005e+01,8.061492104114105217e-01,7.803850100611352536e-01,3.093569548951352832e+00,1.897723925447333482e+00,5.235107834463377685e+00,1.397609913973212992e+00
1.024998683000000000e+09,5.195400000000000000e+04,1.600000000000000000e+01,3.130344326303754476e-01,9.080128523248014005e+00,7.124831852413517019e+00,3.604911198797402516e-01,7.906084764549798916e-01,4.317818847778862046e-01,2.093027665578509389e+00,5.574254757774345315e+00,1.451057609296424189e-01
1.015808140000000000e+09,5.241600000000000000e+04,4.000000000000000000e+00,4.467824993775846298e-01,3.406264643028092109e+01,2.182223665844557914e+01,9.272265655214180224e-01,5.059726082635160882e-01,2.379920743548352480e+00,2.689674300772090909e+00,2.667600868287141935e+00,3.490575270218147508e-01
1.023828486000000000e+09,5.333000000000000000e+04,4.000000000000000000e+00,4.507505451951462905e-01,3.815427513281117911e+01,1.053856516816014199e+01,7.586764477236008775e-01,9.328893910708155879e-01,2.975951100700920726e+00,2.592170882294869916e+00,2.512119594135734602e+00,-3.062959265034537748e-01
1.007209203000000000e+09,5.353200000000000000e+04,2.000000000000000000e+00,3.566648161628570568e-01,4.979661948575900254e+01,3.238398598408003437e+01,7.222473044168675749e-01,5.080687326139542437e-01,2.368179208619726417e+00,2.377443089904588636e+00,1.053764306527199768e+00,1.357609952560287381e+00
1.004410339000000000e+09,5.380200000000000000e+04,2.000000000000000000e+00,9.593219293570411921e-01,3.861278534871814117e+01,2.556988815145536975e+01,9.417526279800219058e-01,8.594670003918176704e-01,4.396228562909759718e-02,5.335932768902371670e-01,2.668138489676025848e+00,-1.150954146035879422e+00
1.002481029000000000e+09,5.424800000000000000e+04,2.000000000000000000e+00,4.787502095024016024e-01,3.814537672851174221e+01,2.076493475639336239e+01,2.428170296529151839e-01,3.550108291668794269e-01,2.562040878870999627e+00,4.960406475731113929e-01,6.425574259110538033e-01,8.810786185781313007e-01
1.017814383000000000e+09,5.551100000000000000e+04,8.000000000000000000e+00,2.736338292900704072e-01,1.655622110895117416e+01,1.006473095563438847e+01,2.264191401681900362e-01,4.681150406998472735e-01,8.049639546746548691e-01,2.865195107101247807e+00,3.454809530327422884e+00,9.411310575430642533e-01
1.029427625000000000e+09,5.552400000000000000e+04,2.000000000000000000e+00,9.955283890882803410e-01,4.418726519616203774e+01,4.172410509821352065e+01,8.706945073187871698e-01,3.181993394835043731e-01,2.815752638292582599e+00,2.593315885661833242e+00,9.018314622181389240e-02,1.273566797338459233e+00
1.000526643000000000e+09,5.583300000000000000e+04,8.000000000000000000e+00,2.219524533490641327e-01,2.226252527988933139e+01,1.705306322253792572e+01,5.338541027279061213e-01,4.258378511815295031e-01,1.212295444855006066e+00,2.098807741774931124e+00,3.332860631379547911e+00,-8.319459888311047102e-01
1.003402101000000000e+09,5.599400000000000000e+04,2.000000000000000000e+00,6.674608902746410610e-01,3.742792369067669966e+01,3.395899693590008184e+01,8.924835110794877568e-01,8.630813468222521267e-01,2.850627425648647240e+00,2.206657410693737553e+00,2.265393194085838946e+00,-1.297296116993081005e+00
1.013415849000000000e+09,5.677700000000000000e+04,2.000000000000000000e+00,4.246778468475944091e-01,3.509716308629108994e+01,2.577515185961163269e+01,1.829058841883305364e-01,6.289597823973255286e-01,1.741318848885430315e+00,9.476874295876868137e-01,2.862594568196330957e+00,2.984403241278728303e-02
1.001410368000000000e+09,5.704900000000000000e+04,8.000000000000000000e+00,2.511812177215290778e-02,3.914913167023573948e+01,1.497295847004244607e+01,6.362425487536446100e-01,4.204210122110383918e-01,1.254350043612417087e+00,3.906067926437841176e-01,3.863074289107438997e+00,7.119452102911655311e-01
1.024083971000000000e+09,5.714300000000000000e+04,1.600000000000000000e+01,1.898898621984482504e-01,1.839742176168383025e+01,6.044658622725928687e+00,5.836974168665917118e-01,2.238654123635432647e-01,2.331634627278421412e+00,8.642741563670406357e-01,4.157967558950917741e+00,-2.307220999432119113e-01
1.009685879000000000e+09,5.765400000000000000e+04,8.000000000000000000e+00,2.908762221235751677e-01,3.591621542390548427e+01,1.020858751776470719e+01,9.646773761184979090e-01,6.705619199253778362e-01,1.148501401637230801e+00,5.192325224632000635e-01,4.402760282802729463e+00,-1.204152447903257706e+00
1.005644210000000000e+09,5.788600000000000000e+04,4.000000000000000000e+00,3.269824804326115775e-01,3.517982307454686719e+01,1.575801857254595717e+01,8.899766846866895564e-01,8.686492803777050575e-01,1.252182103682649039e+00,2.904647764626957951e+00,1.989149539098275854e+00,1.122079359588907810e+00
1.006105355000000000e+09,5.811400000000000000e+04,2.000000000000000000e+00,1.197026550003101875e+00,3.849488334390485988e+01,3.170101302750962446e+01,3.032625163556585957e-01,5.771640020516665137e-01,4.613439007373853484e-01,2.391106047761486941e+00,5.461186596365055212e-01,-8.140289838248668808e-01
1.008262196000000000e+09,5.879600000000000000e+04,1.000000000000000000e+00,2.067657723659542590e+00,6.202564375819829934e+01,4.511849701599651041e+01,7.483069989706616632e-01,8.732305011264227534e-01,6.986384202520489195e-01,1.922036106675919953e+00,9.043261643159874463e-01,-9.064014687468759934e-01
1.020726847000000000e+09,5.918400000000000000e+04,8.000000000000000000e+00,2.495709092114158922e-01,3.701363614929664436e+01,9.485097163500368467e+00,9.664119421430171775e-01,5.696581345739238911e-01,2.354662002180788694e+00,5.860985409248388178e-01,1.077883533801915927e+00,6.377898106049285643e-01
1.007343050000000000e+09,5.949400000000000000e+04,4.000000000000000000e+00,3.097613917027887687e-01,4.375116316044255882e+01,1.362078527432011121e+01,6.324893955289812020e-01,7.785637626299390934e-01,1.063836599839903085e+00,7.662608697428116011e-01,5.378826297840323178e+00,5.009540035049979689e-01
1.010373128000000000e+09,5.958300000000000000e+04,2.000000000000000000e+00,4.024456155130051171e-01,5.817183728803532006e+01,3.069283937731504608e+01,9.375662239459463532e-01,4.707393592328359966e-01,2.463983220927724815e+00,2.659414695213604851e+00,2.631688081083228603e+00,1.200283840821751324e+00
1.023175913000000000e+09,5.968600000000000000e+04,4.000000000000000000e+00,4.508090567496592649e-01,3.055009108665090167e+01,9.450353773952659964e+00,3.773567747677677442e-01,2.233871268314343017e-01,2.655568530735443744e+00,2.418467264016553653e+00,5.009549386578330932e+00,8.775230521353977187e-01
1.008904926000000000e+09,5.989000000000000000e+04,2.000000000000000000e+00,3.614409372631916528e-01,5.885607316168014336e+01,4.411860909162735567e+01,9.891629337315643866e-01,4.475680863349759675e-01,2.273658143911382101e+00,1.915129270849128762e+00,5.241947418031503325e+00,1.450562659690628475e+00
1.031254861000000000e+09,5.994900000000000000e+04,1.600000000000000000e+01,3.209947952092712109e-01,1.336884080339391900e+01,8.331764812400894726e+00,6.984180417557120935e-01,9.418405918078781580e-01,2.796173278231380621e+00,8.388801129600755857e-01,3.335948007458418019e+00,1.667005784627348663e-01
1.030067119000000000e+09,6.016000000000000000e+04,2.000000000000000000e+00,5.486006629687097957e-01,4.870846215518896827e+01,3.566714475876514001e+01,2.331018076918950910e-01,4.644152104428787564e-01,2.437364390700969885e+00,1.129632960098029132e-01,4.808912990588948055e+00,-8.992768984367086604e-01
1.004759969000000000e+09,6.024500000000000000e+04,2.000000000000000000e+00,1.150582294057705957e+00,4.213369319304154459e+01,2.340648617755300265e+01,5.844345545450040369e-01,3.136535429036664269e-01,2.785349442981216228e+00,3.023471105089525324e+00,6.894435640675108390e-01,3.854982318171306654e-01
